,,,,,,,,,,,,,,,,
,New ONS Code,Old ONS Code,Local Authority,Region,"2017 Rough Sleeping Rate per 1,000 households",RS-Female,RS-Male,RS-Unknown,RS-Under 18,RS-18-25,RS-Over 25,RS-Unknown,RS-UK,RS-EU,RS-non-EU,RS-Unknown
,E07000223,45UB,Adur,SE,0.07,0,2,0,0,0,2,0,2,0,0,0
,E07000026,16UB,Allerdale,NW,0.02,0,1,0,0,0,1,0,1,0,0,0
,E07000032,17UB,Amber Valley,EM,0.07,0,4,0,0,0,4,0,4,0,0,0
,E07000224,45UC,Arun,SE,0.24,3,14,0,0,1,16,0,16,1,0,0
,E07000170,37UB,Ashfield,EM,0.09,0,5,0,0,0,3,2,5,0,0,0
,E07000105,29UB,Ashford,SE,0.21,2,9,0,0,1,10,0,10,1,0,0
,E07000004,11UB,Aylesbury Vale,SE,0.26,4,16,0,0,2,17,1,17,2,0,1
,E07000200,42UB,Babergh,EE,0.03,0,1,0,0,1,0,0,1,0,0,0
,E09000002,00AB,Barking and Dagenham,L,0.00,0,0,0,0,0,0,0,0,0,0,0
,E09000003,00AC,Barnet,L,0.14,2,19,0,0,0,21,0,9,10,2,0
,E08000016,00CC,Barnsley,YH,0.00,0,0,0,0,0,0,0,0,0,0,0
,E07000027,16UC,Barrow-in-Furness,NW,0.00,0,0,0,0,0,0,0,0,0,0,0
,E07000066,22UB,Basildon,EE,0.31,3,21,0,0,4,20,0,21,3,0,0
,E07000084,24UB,Basingstoke and Deane,SE,0.20,2,13,0,0,1,14,0,13,1,1,0
,E07000171,37UC,Bassetlaw,EM,0.26,2,11,0,0,0,12,1,13,0,0,0
,E06000022,00HA,Bath and North East Somerset,SW,0.44,5,29,0,0,1,33,0,27,6,0,1
,E06000055,00KB,Bedford,EE,1.09,11,65,0,0,3,71,2,47,27,2,0
,E09000004,00AD,Bexley,L,0.16,3,13,0,0,0,16,0,12,3,0,1
,E08000025,00CN,Birmingham,WM,0.14,13,36,8,0,1,39,17,35,1,3,18
,E07000129,31UB,Blaby,EM,0.00,0,0,0,0,0,0,0,0,0,0,0
,E06000008,00EX,Blackburn with Darwen,NW,0.03,0,2,0,0,0,2,0,2,0,0,0
,E06000009,00EY,Blackpool,NW,0.21,1,12,0,0,1,12,0,12,1,0,0
,E07000033,17UC,Bolsover,EM,0.15,0,5,0,0,2,3,0,5,0,0,0
,E08000001,00BL,Bolton,NW,0.14,4,13,0,0,1,16,0,16,1,0,0
,E07000136,32UB,Boston,EM,0.53,2,13,0,0,0,15,0,7,8,0,0
,E06000028,00HN,Bournemouth,SW,0.55,8,40,0,0,5,40,3,41,4,0,3
,E06000036,00MA,Bracknell Forest,SE,0.12,0,6,0,0,0,6,0,0,0,0,6
,E08000032,00CX,Bradford,YH,0.07,0,15,0,0,0,6,9,14,1,0,0
,E07000067,22UC,Braintree,EE,0.00,0,0,0,0,0,0,0,0,0,0,0
,E07000143,33UB,Breckland,EE,0.02,0,1,0,0,1,0,0,1,0,0,0
,E09000005,00AE,Brent,L,0.25,1,25,3,0,0,18,11,6,6,7,10
,E07000068,22UD,Brentwood,EE,0.00,0,0,0,0,0,0,0,0,0,0,0
,E06000043,00ML,Brighton and Hove,SE,1.41,19,159,0,0,9,158,11,139,21,6,12
,E06000023,00HB,"Bristol, City of",SW,0.45,18,64,4,0,9,63,14,57,12,12,5
,E07000144,33UC,Broadland,EE,0.04,0,2,0,0,1,0,1,1,0,0,1
,E09000006,00AF,Bromley,L,0.04,2,3,0,0,0,5,0,4,1,0,0
,E07000234,47UB,Bromsgrove,WM,0.02,0,1,0,0,0,0,1,0,0,0,1
,E07000095,26UB,Broxbourne,EE,0.05,0,2,0,0,0,2,0,1,0,0,1
,E07000172,37UD,Broxtowe,EM,0.02,0,1,0,0,1,0,0,1,0,0,0
,E07000117,30UD,Burnley,NW,0.03,0,1,0,0,1,0,0,1,0,0,0
,E08000002,00BM,Bury,NW,0.12,3,7,0,0,0,9,1,9,0,0,1
,E08000033,00CY,Calderdale,YH,0.07,1,5,0,0,1,5,0,6,0,0,0
,E07000008,12UB,Cambridge,EE,0.58,5,21,0,0,1,19,6,16,4,0,6
,E09000007,00AG,Camden,L,1.18,29,97,1,0,15,81,31,35,59,2,31
,E07000192,41UB,Cannock Chase,WM,0.12,0,5,0,0,0,5,0,5,0,0,0
,E07000106,29UC,Canterbury,SE,0.55,8,28,0,0,2,34,0,31,4,1,0
,E07000028,16UD,Carlisle,NW,0.02,0,1,0,0,0,1,0,1,0,0,0
,E07000069,22UE,Castle Point,EE,0.00,0,0,0,0,0,0,0,0,0,0,0
,E06000056,00KC,Central Bedfordshire,EE,0.11,1,12,0,0,2,10,1,13,0,0,0
,E07000130,31UC,Charnwood,EM,0.00,0,0,0,0,0,0,0,0,0,0,0
,E07000070,22UF,Chelmsford,EE,0.23,3,14,0,0,0,9,8,17,0,0,0
,E07000078,23UB,Cheltenham,SW,0.17,1,8,0,0,3,6,0,6,1,1,1
,E07000177,38UB,Cherwell,SE,0.15,2,7,0,0,0,8,1,9,0,0,0
,E06000049,00EQ,Cheshire East,NW,0.13,2,19,0,0,3,18,0,15,4,0,2
,E06000050,00EW,Cheshire West and Chester,NW,0.12,3,15,0,0,1,10,7,18,0,0,0
,E07000034,17UD,Chesterfield,EM,0.25,2,10,0,0,1,9,2,11,1,0,0
,E07000225,45UD,Chichester,SE,0.19,4,6,0,0,2,8,0,10,0,0,0
,E07000005,11UC,Chiltern,SE,0.03,0,1,0,0,0,1,0,1,0,0,0
,E07000118,30UE,Chorley,NW,0.00,0,0,0,0,0,0,0,0,0,0,0
,E07000048,19UC,Christchurch,SW,0.22,1,4,0,0,0,5,0,5,0,0,0
,E09000001,00AA,City of London,L,9.84,5,31,0,0,1,29,6,23,6,1,6
,E07000071,22UG,Colchester,EE,0.26,5,14,1,0,2,11,7,16,0,0,4
,E07000029,16UE,Copeland,NW,0.03,0,1,0,0,0,1,0,1,0,0,0
,E07000150,34UB,Corby,EM,0.14,0,4,0,0,0,4,0,2,2,0,0
,E06000052,00HE,Cornwall,SW,0.28,8,60,0,0,6,61,1,65,2,1,0
,E07000079,23UC,Cotswold,SW,0.03,0,1,0,0,0,1,0,1,0,0,0
,E06000047,00EJ,County Durham,NE,0.06,0,13,0,0,1,11,1,12,0,0,1
,E08000026,00CQ,Coventry,WM,0.06,2,6,0,0,0,8,0,7,1,0,0
,E07000163,36UB,Craven,YH,0.04,0,1,0,0,0,1,0,1,0,0,0
,E07000226,45UE,Crawley,SE,0.38,2,15,0,0,3,14,0,15,1,1,0
,E09000008,00AH,Croydon,L,0.20,5,26,0,0,4,27,0,17,2,7,5
,E07000096,26UC,Dacorum,EE,0.11,1,6,0,0,0,7,0,7,0,0,0
,E06000005,00EH,Darlington,NE,0.06,1,2,0,0,0,3,0,3,0,0,0
,E07000107,29UD,Dartford,SE,0.21,1,8,0,0,1,8,0,5,2,2,0
,E07000151,34UC,Daventry,EM,0.06,0,2,0,0,0,2,0,2,0,0,0
,E06000015,00FK,Derby,EM,0.35,5,27,5,0,4,24,9,23,7,2,5
,E07000035,17UF,Derbyshire Dales,EM,0.06,1,1,0,0,0,2,0,2,0,0,0
,E08000017,00CE,Doncaster,YH,0.06,1,7,0,0,2,5,1,8,0,0,0
,E07000108,29UE,Dover,SE,0.26,4,9,0,0,0,13,0,11,2,0,0
,E08000027,00CR,Dudley,WM,0.08,1,10,0,0,1,4,6,11,0,0,0
,E09000009,00AJ,Ealing,L,0.50,1,61,0,0,1,61,0,9,31,18,4
,E07000009,12UC,East Cambridgeshire,EE,0.05,0,0,2,0,0,0,2,0,0,0,2
,E07000040,18UB,East Devon,SW,0.10,1,5,0,0,2,0,4,6,0,0,0
,E07000049,19UD,East Dorset,SW,0.03,0,1,0,0,1,0,0,1,0,0,0
,E07000085,24UC,East Hampshire,SE,0.04,0,2,0,0,0,2,0,2,0,0,0
,E07000242,26UD,East Hertfordshire,EE,0.05,0,3,0,1,1,1,0,3,0,0,0
,E07000137,32UC,East Lindsey,EM,0.14,0,9,0,0,0,9,0,9,0,0,0
,E07000152,34UD,East Northamptonshire,EM,0.16,3,3,0,0,0,6,0,5,0,1,0
,E06000011,00FB,East Riding of Yorkshire,YH,0.07,0,10,0,0,1,9,0,10,0,0,0
,E07000193,41UC,East Staffordshire,WM,0.33,1,7,8,0,0,8,8,8,0,0,8
,E07000061,21UC,Eastbourne,SE,0.87,5,36,0,0,4,27,10,37,2,1,1
,E07000086,24UD,Eastleigh,SE,0.00,0,0,0,0,0,0,0,0,0,0,0
,E07000030,16UF,Eden,NW,0.04,0,1,0,0,0,0,1,0,0,0,1
,E07000207,43UB,Elmbridge,SE,0.15,3,5,0,0,0,7,1,7,1,0,0
,E09000010,00AK,Enfield,L,0.07,0,9,0,0,0,2,7,2,7,0,0
,E07000072,22UH,Epping Forest,EE,0.04,1,1,0,0,0,2,0,2,0,0,0
,E07000208,43UC,Epsom and Ewell,SE,0.10,0,3,0,0,1,2,0,2,1,0,0
,E07000036,17UG,Erewash,EM,0.06,1,2,0,0,0,3,0,3,0,0,0
,E07000041,18UC,Exeter,SW,0.66,6,29,0,0,2,33,0,34,1,0,0
,E07000087,24UE,Fareham,SE,0.20,2,8,0,0,0,10,0,10,0,0,0
,E07000010,12UD,Fenland,EE,0.21,2,7,0,0,0,9,0,1,8,0,0
,E07000201,42UC,Forest Heath,EE,0.27,2,5,0,0,2,5,0,6,1,0,0
,E07000080,23UD,Forest of Dean,SW,0.03,0,1,0,0,0,1,0,1,0,0,0
,E07000119,30UF,Fylde,NW,0.05,0,2,0,0,0,2,0,2,0,0,0
,E08000037,00CH,Gateshead,NE,0.09,2,6,0,0,1,4,3,8,0,0,0
,E07000173,37UE,Gedling,EM,0.00,0,0,0,0,0,0,0,0,0,0,0
,E07000081,23UE,Gloucester,SW,0.28,1,14,0,0,0,15,0,8,7,0,0
,E07000088,24UF,Gosport,SE,0.24,2,7,0,0,1,8,0,9,0,0,0
,E07000109,29UG,Gravesham,SE,0.21,1,8,0,0,0,9,0,5,2,2,0
,E07000145,33UD,Great Yarmouth,EE,0.07,0,3,0,0,0,3,0,2,1,0,0
,E09000011,00AL,Greenwich,L,0.07,1,7,0,0,0,7,1,3,0,4,1
,E07000209,43UD,Guildford,SE,0.23,0,13,0,0,1,12,0,11,1,1,0
,E09000012,00AM,Hackney,L,0.16,2,15,1,0,0,17,1,7,6,3,2
,E06000006,00ET,Halton,NW,0.07,2,2,0,0,1,3,0,4,0,0,0
,E07000164,36UC,Hambleton,YH,0.00,0,0,0,0,0,0,0,0,0,0,0
,E09000013,00AN,Hammersmith and Fulham,L,0.06,0,5,0,0,0,4,1,2,1,1,1
,E07000131,31UD,Harborough,EM,0.00,0,0,0,0,0,0,0,0,0,0,0
,E09000014,00AP,Haringey,L,0.40,2,35,6,0,2,16,25,5,9,6,23
,E07000073,22UJ,Harlow,EE,0.67,2,22,0,0,2,22,0,22,2,0,0
,E07000165,36UD,Harrogate,YH,0.09,0,6,0,0,1,5,0,6,0,0,0
,E09000015,00AQ,Harrow,L,0.12,2,8,0,0,1,9,0,5,5,0,0
,E07000089,24UG,Hart,SE,0.03,0,1,0,0,0,1,0,1,0,0,0
,E06000001,00EB,Hartlepool,NE,0.10,0,4,0,0,0,4,0,4,0,0,0
,E07000062,21UD,Hastings,SE,0.94,10,30,0,0,1,36,3,36,4,0,0
,E07000090,24UH,Havant,SE,0.19,2,8,0,0,4,6,0,10,0,0,0
,E09000016,00AR,Havering,L,0.21,4,18,0,0,0,19,3,19,1,0,2
,E06000019,00GA,"Herefordshire, County of",WM,0.13,0,11,0,0,0,11,0,10,1,0,0
,E07000098,26UE,Hertsmere,EE,0.15,0,6,0,0,0,3,3,5,1,0,0
,E07000037,17UH,High Peak,EM,0.07,0,3,0,0,0,3,0,1,0,0,2
,E09000017,00AS,Hillingdon,L,0.33,7,29,0,1,21,13,1,15,4,7,10
,E07000132,31UE,Hinckley and Bosworth,EM,0.00,0,0,0,0,0,0,0,0,0,0,0
,E07000227,45UF,Horsham,SE,0.12,1,6,0,0,0,7,0,6,0,1,0
,E09000018,00AT,Hounslow,L,0.22,1,21,0,0,0,20,2,6,13,0,3
,E07000011,12UE,Huntingdonshire,EE,0.05,0,4,0,0,3,1,0,4,0,0,0
,E07000120,30UG,Hyndburn,NW,0.17,0,6,0,0,0,6,0,6,0,0,0
,E07000202,42UD,Ipswich,EE,0.35,2,19,0,0,1,19,1,16,5,0,0
,E06000046,00MW,Isle of Wight,SE,0.14,0,9,0,0,1,8,0,9,0,0,0
,E06000053,00HF,Isles of Scilly,SW,0.00,0,0,0,0,0,0,0,0,0,0,0
,E09000019,00AU,Islington,L,0.26,5,18,4,0,0,25,2,10,11,0,6
,E09000020,00AW,Kensington and Chelsea,L,0.26,4,16,0,0,0,18,2,13,4,1,2
,E07000153,34UE,Kettering,EM,0.33,4,10,0,0,1,13,0,12,2,0,0
,E07000146,33UE,King's Lynn and West Norfolk,EE,0.14,4,5,0,0,1,8,0,8,1,0,0
,E06000010,00FA,"Kingston upon Hull, City of",YH,0.25,4,24,0,0,2,26,0,25,3,0,0
,E09000021,00AX,Kingston upon Thames,L,0.40,6,21,0,0,0,16,11,11,7,1,8
,E08000034,00CZ,Kirklees,YH,0.04,1,7,0,0,1,7,0,8,0,0,0
,E08000011,00BX,Knowsley,NW,0.00,0,0,0,0,0,0,0,0,0,0,0
,E09000022,00AY,Lambeth,L,0.25,6,25,3,0,1,18,15,12,17,3,2
,E07000121,30UH,Lancaster,NW,0.07,0,4,0,0,2,2,0,3,1,0,0
,E08000035,00DA,Leeds,YH,0.08,5,23,0,0,1,25,2,26,0,1,1
,E06000016,00FN,Leicester,EM,0.25,3,21,7,0,5,19,7,19,5,0,7
,E07000063,21UF,Lewes,SE,0.02,0,1,0,0,0,1,0,1,0,0,0
,E09000023,00AZ,Lewisham,L,0.17,4,18,0,0,2,20,0,13,8,0,1
,E07000194,41UD,Lichfield,WM,0.07,0,3,0,0,0,3,0,3,0,0,0
,E07000138,32UD,Lincoln,EM,0.68,4,24,0,0,2,25,1,23,4,0,1
,E08000012,00BY,Liverpool,NW,0.15,1,32,0,0,1,32,0,25,8,0,0
,E06000032,00KA,Luton,EE,1.11,11,76,0,0,6,81,0,32,52,3,0
,E07000110,29UH,Maidstone,SE,0.60,4,37,0,0,4,34,3,36,5,0,0
,E07000074,22UK,Maldon,EE,0.04,0,1,0,0,0,0,1,1,0,0,0
,E07000235,47UC,Malvern Hills,WM,0.03,0,1,0,0,0,1,0,1,0,0,0
,E08000003,00BN,Manchester,NW,0.44,14,80,0,0,5,89,0,91,2,1,0
,E07000174,37UF,Mansfield,EM,0.32,3,12,0,0,2,11,2,14,1,0,0
,E06000035,00LC,Medway,SE,0.39,11,33,0,0,5,35,4,32,5,0,7
,E07000133,31UG,Melton,EM,0.00,0,0,0,0,0,0,0,0,0,0,0
,E07000187,40UB,Mendip,SW,0.39,0,19,0,0,1,14,4,19,0,0,0
,E09000024,00BA,Merton,L,0.06,1,4,0,0,0,5,0,2,3,0,0
,E07000042,18UD,Mid Devon,SW,0.09,0,3,0,0,2,1,0,3,0,0,0
,E07000203,42UE,Mid Suffolk,EE,0.05,1,1,0,0,0,2,0,2,0,0,0
,E07000228,45UG,Mid Sussex,SE,0.13,3,5,0,0,2,6,0,7,1,0,0
,E06000002,00EC,Middlesbrough,NE,0.10,0,6,0,0,0,6,0,5,0,1,0
,E06000042,00MG,Milton Keynes,SE,0.46,4,44,0,0,16,32,0,39,8,1,0
,E07000210,43UE,Mole Valley,SE,0.00,0,0,0,0,0,0,0,0,0,0,0
,E07000091,24UJ,New Forest,SE,0.09,0,7,0,0,2,5,0,7,0,0,0
,E07000175,37UG,Newark and Sherwood,EM,0.08,0,4,0,0,0,4,0,3,1,0,0
,E08000021,00CJ,Newcastle upon Tyne,NE,0.08,2,8,0,0,1,9,0,9,0,0,1
,E07000195,41UE,Newcastle-under-Lyme,WM,0.09,1,4,0,0,2,3,0,5,0,0,0
,E09000025,00BB,Newham,L,0.68,8,67,1,0,2,28,46,16,12,2,46
,E07000043,18UE,North Devon,SW,0.49,1,19,0,0,0,20,0,20,0,0,0
,E07000050,19UE,North Dorset,SW,0.10,0,3,0,0,0,3,0,2,0,0,1
,E07000038,17UJ,North East Derbyshire,EM,0.07,0,3,0,0,2,1,0,3,0,0,0
,E06000012,00FC,North East Lincolnshire,YH,0.31,2,20,0,0,4,18,0,22,0,0,0
,E07000099,26UF,North Hertfordshire,EE,0.09,0,5,0,0,0,5,0,5,0,0,0
,E07000139,32UE,North Kesteven,EM,0.02,0,1,0,0,1,0,0,1,0,0,0
,E06000013,00FD,North Lincolnshire,YH,0.19,2,12,0,0,0,14,0,14,0,0,0
,E07000147,33UF,North Norfolk,EE,0.11,2,3,0,0,0,5,0,5,0,0,0
,E06000024,00HC,North Somerset,SW,0.07,1,6,0,0,0,7,0,7,0,0,0
,E08000022,00CK,North Tyneside,NE,0.02,0,2,0,0,1,1,0,2,0,0,0
,E07000218,44UB,North Warwickshire,WM,0.00,0,0,0,0,0,0,0,0,0,0,0
,E07000134,31UH,North West Leicestershire,EM,0.00,0,0,0,0,0,0,0,0,0,0,0
,E07000154,34UF,Northampton,EM,0.14,3,10,0,0,0,13,0,10,0,1,2
,E06000057,00EM,Northumberland,NE,0.01,0,2,0,0,0,2,0,2,0,0,0
,E07000148,33UG,Norwich,EE,0.48,4,25,1,0,2,24,4,24,3,0,3
,E06000018,00FY,Nottingham,EM,0.33,7,36,0,0,4,39,0,29,13,1,0
,E07000219,44UC,Nuneaton and Bedworth,WM,0.09,1,4,0,0,0,0,5,0,0,0,5
,E07000135,31UJ,Oadby and Wigston,EM,0.14,0,0,3,0,0,0,3,0,0,0,3
,E08000004,00BP,Oldham,NW,0.02,0,2,0,0,0,2,0,2,0,0,0
,E07000178,38UC,Oxford,SE,1.11,10,51,0,0,3,53,5,46,11,2,2
,E07000122,30UJ,Pendle,NW,0.00,0,0,0,0,0,0,0,0,0,0,0
,E06000031,00JA,Peterborough,EE,0.40,4,25,2,0,0,27,4,23,6,0,2
,E06000026,00HG,Plymouth,SW,0.23,1,25,0,0,1,25,0,20,6,0,0
,E06000029,00HP,Poole,SW,0.20,1,12,0,0,0,12,1,12,0,0,1
,E06000044,00MR,Portsmouth,SE,0.47,6,33,3,0,2,27,13,32,2,1,7
,E07000123,30UK,Preston,NW,0.33,4,15,0,0,2,17,0,14,5,0,0
,E07000051,19UG,Purbeck,SW,0.05,0,1,0,0,0,1,0,1,0,0,0
,E06000038,00MC,Reading,SE,0.47,5,26,0,0,1,30,0,26,3,1,1
,E09000026,00BC,Redbridge,L,0.61,5,60,0,0,0,50,15,16,20,29,0
,E06000003,00EE,Redcar and Cleveland,NE,0.00,0,0,0,0,0,0,0,0,0,0,0
,E07000236,47UD,Redditch,WM,0.11,1,3,0,0,1,2,1,3,0,0,1
,E07000211,43UF,Reigate and Banstead,SE,0.05,1,2,0,0,0,3,0,3,0,0,0
,E07000124,30UL,Ribble Valley,NW,0.00,0,0,0,0,0,0,0,0,0,0,0
,E09000027,00BD,Richmond upon Thames,L,0.23,4,14,1,0,1,10,8,13,3,0,3
,E07000166,36UE,Richmondshire,YH,0.00,0,0,0,0,0,0,0,0,0,0,0
,E08000005,00BQ,Rochdale,NW,0.09,1,7,0,0,1,7,0,8,0,0,0
,E07000075,22UL,Rochford,EE,0.32,0,3,8,0,0,0,11,0,0,0,11
,E07000125,30UM,Rossendale,NW,0.00,0,0,0,0,0,0,0,0,0,0,0
,E07000064,21UG,Rother,SE,0.09,1,3,0,0,1,3,0,4,0,0,0
,E08000018,00CF,Rotherham,YH,0.02,0,2,0,0,0,2,0,2,0,0,0
,E07000220,44UD,Rugby,WM,0.14,0,3,3,0,0,3,3,2,1,0,3
,E07000212,43UG,Runnymede,SE,0.12,1,3,0,0,0,4,0,4,0,0,0
,E07000176,37UJ,Rushcliffe,EM,0.19,0,9,0,0,0,9,0,4,5,0,0
,E07000092,24UL,Rushmoor,SE,0.13,0,5,0,0,0,5,0,5,0,0,0
,E06000017,00FP,Rutland,EM,0.18,0,3,0,0,0,3,0,3,0,0,0
,E07000167,36UF,Ryedale,YH,0.08,0,2,0,0,0,2,0,2,0,0,0
,E08000006,00BR,Salford,NW,0.44,3,46,0,0,1,41,7,38,7,2,2
,E08000028,00CS,Sandwell,WM,0.08,2,8,0,0,0,10,0,8,0,0,2
,E07000168,36UG,Scarborough,YH,0.02,0,1,0,0,0,1,0,1,0,0,0
,E07000188,40UC,Sedgemoor,SW,0.13,0,5,2,0,0,5,2,5,0,0,2
,E08000014,00CA,Sefton,NW,0.08,1,8,0,0,0,9,0,8,1,0,0
,E07000169,36UH,Selby,YH,0.00,0,0,0,0,0,0,0,0,0,0,0
,E07000111,29UK,Sevenoaks,SE,0.08,0,4,0,0,0,4,0,4,0,0,0
,E08000019,00CG,Sheffield,YH,0.08,1,19,0,0,0,20,0,18,0,2,0
,E07000112,29UL,Shepway,SE,0.32,2,14,0,1,1,14,0,13,3,0,0
,E06000051,00GG,Shropshire,WM,0.10,1,12,0,0,1,12,0,13,0,0,0
,E06000039,00MD,Slough,SE,0.50,7,20,0,0,2,25,0,12,15,0,0
,E08000029,00CT,Solihull,WM,0.02,0,2,0,0,0,2,0,2,0,0,0
,E07000006,11UE,South Bucks,SE,0.04,0,1,0,0,0,1,0,1,0,0,0
,E07000012,12UG,South Cambridgeshire,EE,0.06,0,4,0,0,0,4,0,4,0,0,0
,E07000039,17UK,South Derbyshire,EM,0.05,0,2,0,0,0,2,0,2,0,0,0
,E06000025,00HD,South Gloucestershire,SW,0.03,1,2,0,0,0,2,1,3,0,0,0
,E07000044,18UG,South Hams,SW,0.18,1,6,0,0,1,6,0,7,0,0,0
,E07000140,32UF,South Holland,EM,0.13,1,4,0,0,0,5,0,2,3,0,0
,E07000141,32UG,South Kesteven,EM,0.07,2,2,0,0,0,4,0,4,0,0,0
,E07000031,16UG,South Lakeland,NW,0.06,0,3,0,0,2,1,0,3,0,0,0
,E07000149,33UH,South Norfolk,EE,0.02,0,1,0,0,1,0,0,1,0,0,0
,E07000155,34UG,South Northamptonshire,EM,0.05,0,2,0,0,0,2,0,1,1,0,0
,E07000179,38UD,South Oxfordshire,SE,0.04,2,0,0,0,1,1,0,2,0,0,0
,E07000126,30UN,South Ribble,NW,0.00,0,0,0,0,0,0,0,0,0,0,0
,E07000189,40UD,South Somerset,SW,0.05,1,3,0,0,0,4,0,4,0,0,0
,E07000196,41UF,South Staffordshire,WM,0.00,0,0,0,0,0,0,0,0,0,0,0
,E08000023,00CL,South Tyneside,NE,0.01,0,1,0,0,0,1,0,1,0,0,0
,E06000045,00MS,Southampton,SE,0.29,6,23,0,0,7,21,1,18,9,1,1
,E06000033,00KF,Southend-on-Sea,EE,0.94,12,60,0,0,9,63,0,64,5,3,0
,E09000028,00BE,Southwark,L,0.34,3,39,2,0,1,40,3,21,16,5,2
,E07000213,43UH,Spelthorne,SE,0.10,1,3,0,0,2,2,0,3,1,0,0
,E07000240,26UG,St Albans,EE,0.09,0,5,0,0,0,4,1,2,2,0,1
,E07000204,42UF,St Edmundsbury,EE,0.46,7,15,0,0,2,20,0,16,5,1,0
,E08000013,00BZ,St. Helens,NW,0.11,1,8,0,0,0,9,0,9,0,0,0
,E07000197,41UG,Stafford,WM,0.12,3,4,0,0,0,7,0,7,0,0,0
,E07000198,41UH,Staffordshire Moorlands,WM,0.02,0,1,0,0,0,1,0,1,0,0,0
,E07000243,26UH,Stevenage,EE,0.16,0,6,0,0,0,6,0,6,0,0,0
,E08000007,00BS,Stockport,NW,0.08,1,9,0,0,1,9,0,10,0,0,0
,E06000004,00EF,Stockton-on-Tees,NE,0.02,0,2,0,0,0,2,0,2,0,0,0
,E06000021,00GL,Stoke-on-Trent,WM,0.17,2,17,0,0,0,19,0,19,0,0,0
,E07000221,44UE,Stratford-on-Avon,WM,0.31,1,16,0,0,2,15,0,15,1,1,0
,E07000082,23UF,Stroud,SW,0.04,0,2,0,0,0,2,0,2,0,0,0
,E07000205,42UG,Suffolk Coastal,EE,0.05,2,1,0,0,0,3,0,2,1,0,0
,E08000024,00CM,Sunderland,NE,0.00,0,0,0,0,0,0,0,0,0,0,0
,E07000214,43UJ,Surrey Heath,SE,0.14,2,3,0,0,0,5,0,5,0,0,0
,E09000029,00BF,Sutton,L,0.04,0,3,0,0,0,3,0,3,0,0,0
,E07000113,29UM,Swale,SE,0.15,2,7,0,0,0,7,2,8,1,0,0
,E06000030,00HX,Swindon,SW,0.49,7,38,0,0,4,37,4,39,2,0,4
,E08000008,00BT,Tameside,NW,0.44,4,39,0,0,4,30,9,34,4,0,5
,E07000199,41UK,Tamworth,WM,0.12,0,4,0,0,1,2,1,4,0,0,0
,E07000215,43UK,Tandridge,SE,0.06,0,2,0,0,0,2,0,2,0,0,0
,E07000190,40UE,Taunton Deane,SW,0.46,1,22,0,0,1,22,0,22,1,0,0
,E07000045,18UH,Teignbridge,SW,0.05,0,3,0,0,0,3,0,3,0,0,0
,E06000020,00GF,Telford and Wrekin,WM,0.14,0,10,0,0,3,7,0,10,0,0,0
,E07000076,22UN,Tendring,EE,0.09,2,4,0,0,0,6,0,6,0,0,0
,E07000093,24UN,Test Valley,SE,0.04,0,2,0,0,0,2,0,2,0,0,0
,E07000083,23UG,Tewkesbury,SW,0.05,0,2,0,0,0,2,0,2,0,0,0
,E07000114,29UN,Thanet,SE,0.73,11,35,0,0,3,43,0,45,1,0,0
,E07000102,26UJ,Three Rivers,EE,0.05,0,2,0,0,0,2,0,2,0,0,0
,E06000034,00KG,Thurrock,EE,0.14,2,7,0,0,1,8,0,5,4,0,0
,E07000115,29UP,Tonbridge and Malling,SE,0.16,2,6,0,0,3,5,0,8,0,0,0
,E06000027,00HH,Torbay,SW,0.39,3,21,0,0,4,19,1,21,0,1,2
,E07000046,18UK,Torridge,SW,0.13,1,3,0,0,1,3,0,4,0,0,0
,E09000030,00BG,Tower Hamlets,L,0.17,1,19,1,0,0,15,6,14,3,2,2
,E08000009,00BU,Trafford,NW,0.05,1,4,0,0,0,5,0,5,0,0,0
,E07000116,29UQ,Tunbridge Wells,SE,0.41,6,14,0,0,7,13,0,20,0,0,0
,E07000077,22UQ,Uttlesford,EE,0.06,0,2,0,0,0,2,0,2,0,0,0
,E07000180,38UE,Vale of White Horse,SE,0.19,1,9,0,0,1,9,0,10,0,0,0
,E08000036,00DB,Wakefield,YH,0.05,1,6,0,0,0,7,0,6,1,0,0
,E08000030,00CU,Walsall,WM,0.18,4,16,0,0,2,18,0,19,1,0,0
,E09000031,00BH,Waltham Forest,L,0.43,8,36,0,0,2,37,5,25,6,3,10
,E09000032,00BJ,Wandsworth,L,0.10,1,12,0,0,0,9,4,5,1,2,5
,E06000007,00EU,Warrington,NW,0.04,0,4,0,0,0,4,0,4,0,0,0
,E07000222,44UF,Warwick,WM,0.35,4,17,0,0,0,18,3,19,0,0,2
,E07000103,26UK,Watford,EE,0.15,1,5,0,0,0,6,0,0,5,1,0
,E07000206,42UH,Waveney,EE,0.15,2,6,0,0,2,6,0,8,0,0,0
,E07000216,43UL,Waverley,SE,0.02,0,1,0,0,0,1,0,1,0,0,0
,E07000065,21UH,Wealden,SE,0.06,0,4,0,0,1,1,2,4,0,0,0
,E07000156,34UH,Wellingborough,EM,0.36,1,11,0,0,0,12,0,10,2,0,0
,E07000241,26UL,Welwyn Hatfield,EE,0.38,5,13,0,0,3,10,5,5,13,0,0
,E06000037,00MB,West Berkshire,SE,0.31,2,18,0,0,5,15,0,18,2,0,0
,E07000047,18UL,West Devon,SW,0.00,0,0,0,0,0,0,0,0,0,0,0
,E07000052,19UH,West Dorset,SW,0.04,0,2,0,0,0,2,0,2,0,0,0
,E07000127,30UP,West Lancashire,NW,0.00,0,0,0,0,0,0,0,0,0,0,0
,E07000142,32UH,West Lindsey,EM,0.00,0,0,0,0,0,0,0,0,0,0,0
,E07000181,38UF,West Oxfordshire,SE,0.15,3,4,0,0,3,4,0,6,0,0,1
,E07000191,40UF,West Somerset,SW,0.25,0,4,0,0,0,4,0,4,0,0,0
,E09000033,00BK,Westminster,L,1.89,10,156,51,0,12,154,51,103,51,21,42
,E07000053,19UJ,Weymouth and Portland,SW,0.61,4,14,0,0,0,16,2,15,0,1,2
,E08000010,00BW,Wigan,NW,0.21,3,27,0,0,3,27,0,29,0,0,1
,E06000054,00HY,Wiltshire,SW,0.15,6,24,1,0,3,20,8,28,1,0,2
,E07000094,24UP,Winchester,SE,0.18,1,8,0,0,0,9,0,9,0,0,0
,E06000040,00ME,Windsor and Maidenhead,SE,0.18,2,9,0,0,1,10,0,10,1,0,0
,E08000015,00CB,Wirral,NW,0.10,0,14,0,0,1,13,0,14,0,0,0
,E07000217,43UM,Woking,SE,0.45,4,14,0,0,1,17,0,14,4,0,0
,E06000041,00MF,Wokingham,SE,0.16,1,9,0,0,1,9,0,8,1,1,0
,E08000031,00CW,Wolverhampton,WM,0.18,1,18,0,0,2,17,0,7,11,1,0
,E07000237,47UE,Worcester,WM,0.27,4,7,1,0,1,7,4,8,0,0,4
,E07000229,45UH,Worthing,SE,0.71,4,31,0,0,1,34,0,28,6,0,1
,E07000238,47UF,Wychavon,WM,0.06,0,3,0,0,0,1,2,2,1,0,0
,E07000007,11UF,Wycombe,SE,0.20,1,13,0,0,0,14,0,12,2,0,0
,E07000128,30UQ,Wyre,NW,0.00,0,0,0,0,0,0,0,0,0,0,0
,E07000239,47UG,Wyre Forest,WM,0.09,1,3,0,0,1,2,1,4,0,0,0
,E06000014,00FF,York,YH,0.34,3,26,0,0,0,29,0,26,3,0,0